Rainfall - (MM), Year, Statistics, Country, ISO3
45.1414, 1901, Jan Average, Australia, AUS
96.3612, 1901, Feb Average, Australia, AUS
91.855, 1901, Mar Average, Australia, AUS
27.7919, 1901, Apr Average, Australia, AUS
19.3731, 1901, May Average, Australia, AUS
22.4444, 1901, Jun Average, Australia, AUS
17.5664, 1901, Jul Average, Australia, AUS
28.5962, 1901, Aug Average, Australia, AUS
16.3443, 1901, Sep Average, Australia, AUS
17.8295, 1901, Oct Average, Australia, AUS
14.1553, 1901, Nov Average, Australia, AUS
20.1329, 1901, Dec Average, Australia, AUS
69.2858, 1902, Jan Average, Australia, AUS
54.29, 1902, Feb Average, Australia, AUS
19.7166, 1902, Mar Average, Australia, AUS
4.81653, 1902, Apr Average, Australia, AUS
8.96931, 1902, May Average, Australia, AUS
16.3352, 1902, Jun Average, Australia, AUS
10.4601, 1902, Jul Average, Australia, AUS
11.6421, 1902, Aug Average, Australia, AUS
13.719, 1902, Sep Average, Australia, AUS
17.9308, 1902, Oct Average, Australia, AUS
26.4262, 1902, Nov Average, Australia, AUS
50.2391, 1902, Dec Average, Australia, AUS
61.1487, 1903, Jan Average, Australia, AUS
52.6899, 1903, Feb Average, Australia, AUS
77.9628, 1903, Mar Average, Australia, AUS
52.7288, 1903, Apr Average, Australia, AUS
29.9003, 1903, May Average, Australia, AUS
22.028, 1903, Jun Average, Australia, AUS
24.8686, 1903, Jul Average, Australia, AUS
17.3853, 1903, Aug Average, Australia, AUS
33.4295, 1903, Sep Average, Australia, AUS
22.3873, 1903, Oct Average, Australia, AUS
39.4398, 1903, Nov Average, Australia, AUS
91.51, 1903, Dec Average, Australia, AUS
88.4361, 1904, Jan Average, Australia, AUS
80.204, 1904, Feb Average, Australia, AUS
60.0208, 1904, Mar Average, Australia, AUS
41.8183, 1904, Apr Average, Australia, AUS
38.4047, 1904, May Average, Australia, AUS
21.0789, 1904, Jun Average, Australia, AUS
34.299, 1904, Jul Average, Australia, AUS
11.3175, 1904, Aug Average, Australia, AUS
17.4927, 1904, Sep Average, Australia, AUS
38.7822, 1904, Oct Average, Australia, AUS
15.6085, 1904, Nov Average, Australia, AUS
45.4894, 1904, Dec Average, Australia, AUS
66.3863, 1905, Jan Average, Australia, AUS
36.5459, 1905, Feb Average, Australia, AUS
26.7982, 1905, Mar Average, Australia, AUS
41.3175, 1905, Apr Average, Australia, AUS
32.3685, 1905, May Average, Australia, AUS
21.5365, 1905, Jun Average, Australia, AUS
20.7815, 1905, Jul Average, Australia, AUS
10.9658, 1905, Aug Average, Australia, AUS
13.2504, 1905, Sep Average, Australia, AUS
19.1086, 1905, Oct Average, Australia, AUS
18.754, 1905, Nov Average, Australia, AUS
28.5014, 1905, Dec Average, Australia, AUS
56.777, 1906, Jan Average, Australia, AUS
73.2803, 1906, Feb Average, Australia, AUS
58.9271, 1906, Mar Average, Australia, AUS
9.26419, 1906, Apr Average, Australia, AUS
23.8098, 1906, May Average, Australia, AUS
25.6337, 1906, Jun Average, Australia, AUS
19.5612, 1906, Jul Average, Australia, AUS
29.2491, 1906, Aug Average, Australia, AUS
35.1807, 1906, Sep Average, Australia, AUS
28.1767, 1906, Oct Average, Australia, AUS
35.8891, 1906, Nov Average, Australia, AUS
68.7675, 1906, Dec Average, Australia, AUS
77.2989, 1907, Jan Average, Australia, AUS
68.9997, 1907, Feb Average, Australia, AUS
53.2456, 1907, Mar Average, Australia, AUS
15.8159, 1907, Apr Average, Australia, AUS
20.3078, 1907, May Average, Australia, AUS
37.146, 1907, Jun Average, Australia, AUS
24.7033, 1907, Jul Average, Australia, AUS
16.1594, 1907, Aug Average, Australia, AUS
9.25286, 1907, Sep Average, Australia, AUS
16.3351, 1907, Oct Average, Australia, AUS
37.7236, 1907, Nov Average, Australia, AUS
89.6711, 1907, Dec Average, Australia, AUS
53.3285, 1908, Jan Average, Australia, AUS
89.7014, 1908, Feb Average, Australia, AUS
77.623, 1908, Mar Average, Australia, AUS
41.0644, 1908, Apr Average, Australia, AUS
25.0785, 1908, May Average, Australia, AUS
24.9403, 1908, Jun Average, Australia, AUS
20.5029, 1908, Jul Average, Australia, AUS
19.9046, 1908, Aug Average, Australia, AUS
16.729, 1908, Sep Average, Australia, AUS
23.8881, 1908, Oct Average, Australia, AUS
28.017, 1908, Nov Average, Australia, AUS
43.9208, 1908, Dec Average, Australia, AUS
66.7482, 1909, Jan Average, Australia, AUS
48.9783, 1909, Feb Average, Australia, AUS
48.377, 1909, Mar Average, Australia, AUS
38.0251, 1909, Apr Average, Australia, AUS
21.6693, 1909, May Average, Australia, AUS
44.5676, 1909, Jun Average, Australia, AUS
17.1847, 1909, Jul Average, Australia, AUS
37.231, 1909, Aug Average, Australia, AUS
11.9804, 1909, Sep Average, Australia, AUS
24.0985, 1909, Oct Average, Australia, AUS
43.3368, 1909, Nov Average, Australia, AUS
42.8337, 1909, Dec Average, Australia, AUS
82.0994, 1910, Jan Average, Australia, AUS
73.6666, 1910, Feb Average, Australia, AUS
73.912, 1910, Mar Average, Australia, AUS
27.6307, 1910, Apr Average, Australia, AUS
29.4447, 1910, May Average, Australia, AUS
42.3023, 1910, Jun Average, Australia, AUS
28.9204, 1910, Jul Average, Australia, AUS
11.4612, 1910, Aug Average, Australia, AUS
22.2893, 1910, Sep Average, Australia, AUS
24.1545, 1910, Oct Average, Australia, AUS
44.9449, 1910, Nov Average, Australia, AUS
71.5696, 1910, Dec Average, Australia, AUS
81.53, 1911, Jan Average, Australia, AUS
79.8049, 1911, Feb Average, Australia, AUS
33.7816, 1911, Mar Average, Australia, AUS
35.7589, 1911, Apr Average, Australia, AUS
24.8149, 1911, May Average, Australia, AUS
17.0845, 1911, Jun Average, Australia, AUS
20.9551, 1911, Jul Average, Australia, AUS
12.5906, 1911, Aug Average, Australia, AUS
14.7912, 1911, Sep Average, Australia, AUS
16.7303, 1911, Oct Average, Australia, AUS
31.2682, 1911, Nov Average, Australia, AUS
60.5875, 1911, Dec Average, Australia, AUS
34.2637, 1912, Jan Average, Australia, AUS
75.1165, 1912, Feb Average, Australia, AUS
69.9782, 1912, Mar Average, Australia, AUS
10.5836, 1912, Apr Average, Australia, AUS
10.3007, 1912, May Average, Australia, AUS
36.7132, 1912, Jun Average, Australia, AUS
35.6349, 1912, Jul Average, Australia, AUS
11.6865, 1912, Aug Average, Australia, AUS
13.6108, 1912, Sep Average, Australia, AUS
18.6723, 1912, Oct Average, Australia, AUS
32.0223, 1912, Nov Average, Australia, AUS
32.0698, 1912, Dec Average, Australia, AUS
76.3595, 1913, Jan Average, Australia, AUS
93.6935, 1913, Feb Average, Australia, AUS
75.6356, 1913, Mar Average, Australia, AUS
26.1885, 1913, Apr Average, Australia, AUS
27.6111, 1913, May Average, Australia, AUS
26.9774, 1913, Jun Average, Australia, AUS
12.7059, 1913, Jul Average, Australia, AUS
13.1309, 1913, Aug Average, Australia, AUS
16.8979, 1913, Sep Average, Australia, AUS
19.6037, 1913, Oct Average, Australia, AUS
13.8781, 1913, Nov Average, Australia, AUS
53.6568, 1913, Dec Average, Australia, AUS
100.559, 1914, Jan Average, Australia, AUS
39.0345, 1914, Feb Average, Australia, AUS
54.2056, 1914, Mar Average, Australia, AUS
26.8214, 1914, Apr Average, Australia, AUS
27.7676, 1914, May Average, Australia, AUS
20.1185, 1914, Jun Average, Australia, AUS
17.1071, 1914, Jul Average, Australia, AUS
6.35538, 1914, Aug Average, Australia, AUS
6.93309, 1914, Sep Average, Australia, AUS
18.7474, 1914, Oct Average, Australia, AUS
41.7298, 1914, Nov Average, Australia, AUS
71.7912, 1914, Dec Average, Australia, AUS
82.4626, 1915, Jan Average, Australia, AUS
54.0419, 1915, Feb Average, Australia, AUS
19.1441, 1915, Mar Average, Australia, AUS
14.9274, 1915, Apr Average, Australia, AUS
37.1756, 1915, May Average, Australia, AUS
28.9315, 1915, Jun Average, Australia, AUS
18.6994, 1915, Jul Average, Australia, AUS
19.9583, 1915, Aug Average, Australia, AUS
22.8434, 1915, Sep Average, Australia, AUS
15.7268, 1915, Oct Average, Australia, AUS
13.5213, 1915, Nov Average, Australia, AUS
53.1333, 1915, Dec Average, Australia, AUS
74.6574, 1916, Jan Average, Australia, AUS
61.4928, 1916, Feb Average, Australia, AUS
45.9479, 1916, Mar Average, Australia, AUS
22.8194, 1916, Apr Average, Australia, AUS
18.8968, 1916, May Average, Australia, AUS
41.1129, 1916, Jun Average, Australia, AUS
39.1344, 1916, Jul Average, Australia, AUS
21.9949, 1916, Aug Average, Australia, AUS
21.4448, 1916, Sep Average, Australia, AUS
50.1234, 1916, Oct Average, Australia, AUS
56.8008, 1916, Nov Average, Australia, AUS
81.2272, 1916, Dec Average, Australia, AUS
105.667, 1917, Jan Average, Australia, AUS
72.7293, 1917, Feb Average, Australia, AUS
69.7229, 1917, Mar Average, Australia, AUS
19.943, 1917, Apr Average, Australia, AUS
21.7252, 1917, May Average, Australia, AUS
29.6994, 1917, Jun Average, Australia, AUS
24.76, 1917, Jul Average, Australia, AUS
26.0918, 1917, Aug Average, Australia, AUS
37.0986, 1917, Sep Average, Australia, AUS
28.8583, 1917, Oct Average, Australia, AUS
63.1662, 1917, Nov Average, Australia, AUS
68.1877, 1917, Dec Average, Australia, AUS
123.81, 1918, Jan Average, Australia, AUS
109.287, 1918, Feb Average, Australia, AUS
29.2082, 1918, Mar Average, Australia, AUS
28.0608, 1918, Apr Average, Australia, AUS
23.7204, 1918, May Average, Australia, AUS
18.1521, 1918, Jun Average, Australia, AUS
16.748, 1918, Jul Average, Australia, AUS
26.1749, 1918, Aug Average, Australia, AUS
8.6314, 1918, Sep Average, Australia, AUS
11.5228, 1918, Oct Average, Australia, AUS
18.2194, 1918, Nov Average, Australia, AUS
29.354, 1918, Dec Average, Australia, AUS
70.4356, 1919, Jan Average, Australia, AUS
85.518, 1919, Feb Average, Australia, AUS
31.1502, 1919, Mar Average, Australia, AUS
32.0615, 1919, Apr Average, Australia, AUS
26.9254, 1919, May Average, Australia, AUS
12.6216, 1919, Jun Average, Australia, AUS
10.7943, 1919, Jul Average, Australia, AUS
18.129, 1919, Aug Average, Australia, AUS
9.75161, 1919, Sep Average, Australia, AUS
11.8583, 1919, Oct Average, Australia, AUS
19.9455, 1919, Nov Average, Australia, AUS
50.3224, 1919, Dec Average, Australia, AUS
93.0456, 1920, Jan Average, Australia, AUS
39.741, 1920, Feb Average, Australia, AUS
33.0045, 1920, Mar Average, Australia, AUS
40.5001, 1920, Apr Average, Australia, AUS
24.3539, 1920, May Average, Australia, AUS
36.3051, 1920, Jun Average, Australia, AUS
36.9397, 1920, Jul Average, Australia, AUS
31.2128, 1920, Aug Average, Australia, AUS
30.7963, 1920, Sep Average, Australia, AUS
31.3159, 1920, Oct Average, Australia, AUS
50.0014, 1920, Nov Average, Australia, AUS
63.2575, 1920, Dec Average, Australia, AUS
63.1074, 1921, Jan Average, Australia, AUS
88.8955, 1921, Feb Average, Australia, AUS
101.719, 1921, Mar Average, Australia, AUS
25.2219, 1921, Apr Average, Australia, AUS
54.285, 1921, May Average, Australia, AUS
42.0519, 1921, Jun Average, Australia, AUS
27.7527, 1921, Jul Average, Australia, AUS
19.801, 1921, Aug Average, Australia, AUS
23.3215, 1921, Sep Average, Australia, AUS
24.7155, 1921, Oct Average, Australia, AUS
23.5985, 1921, Nov Average, Australia, AUS
64.1538, 1921, Dec Average, Australia, AUS
50.5438, 1922, Jan Average, Australia, AUS
79.7945, 1922, Feb Average, Australia, AUS
57.8654, 1922, Mar Average, Australia, AUS
23.1306, 1922, Apr Average, Australia, AUS
25.9849, 1922, May Average, Australia, AUS
21.381, 1922, Jun Average, Australia, AUS
24.5801, 1922, Jul Average, Australia, AUS
12.463, 1922, Aug Average, Australia, AUS
12.9392, 1922, Sep Average, Australia, AUS
20.6992, 1922, Oct Average, Australia, AUS
15.8898, 1922, Nov Average, Australia, AUS
82.6831, 1922, Dec Average, Australia, AUS
59.3823, 1923, Jan Average, Australia, AUS
27.6197, 1923, Feb Average, Australia, AUS
56.7924, 1923, Mar Average, Australia, AUS
30.8239, 1923, Apr Average, Australia, AUS
23.0577, 1923, May Average, Australia, AUS
55.4613, 1923, Jun Average, Australia, AUS
23.3525, 1923, Jul Average, Australia, AUS
10.9659, 1923, Aug Average, Australia, AUS
15.3866, 1923, Sep Average, Australia, AUS
16.917, 1923, Oct Average, Australia, AUS
15.0337, 1923, Nov Average, Australia, AUS
75.5069, 1923, Dec Average, Australia, AUS
50.2535, 1924, Jan Average, Australia, AUS
82.2312, 1924, Feb Average, Australia, AUS
45.2587, 1924, Mar Average, Australia, AUS
25.623, 1924, Apr Average, Australia, AUS
12.2209, 1924, May Average, Australia, AUS
18.7736, 1924, Jun Average, Australia, AUS
15.618, 1924, Jul Average, Australia, AUS
22.2345, 1924, Aug Average, Australia, AUS
20.7728, 1924, Sep Average, Australia, AUS
30.9179, 1924, Oct Average, Australia, AUS
54.4464, 1924, Nov Average, Australia, AUS
41.9331, 1924, Dec Average, Australia, AUS
95.8522, 1925, Jan Average, Australia, AUS
79.8051, 1925, Feb Average, Australia, AUS
66.1995, 1925, Mar Average, Australia, AUS
17.0211, 1925, Apr Average, Australia, AUS
26.6207, 1925, May Average, Australia, AUS
19.9467, 1925, Jun Average, Australia, AUS
19.2934, 1925, Jul Average, Australia, AUS
15.5409, 1925, Aug Average, Australia, AUS
13.5736, 1925, Sep Average, Australia, AUS
8.08769, 1925, Oct Average, Australia, AUS
28.6148, 1925, Nov Average, Australia, AUS
34.2877, 1925, Dec Average, Australia, AUS
77.0248, 1926, Jan Average, Australia, AUS
28.0895, 1926, Feb Average, Australia, AUS
69.4592, 1926, Mar Average, Australia, AUS
32.3359, 1926, Apr Average, Australia, AUS
33.1909, 1926, May Average, Australia, AUS
17.2634, 1926, Jun Average, Australia, AUS
17.1648, 1926, Jul Average, Australia, AUS
14.0327, 1926, Aug Average, Australia, AUS
24.0807, 1926, Sep Average, Australia, AUS
10.5062, 1926, Oct Average, Australia, AUS
17.5538, 1926, Nov Average, Australia, AUS
62.0782, 1926, Dec Average, Australia, AUS
81.0351, 1927, Jan Average, Australia, AUS
58.6062, 1927, Feb Average, Australia, AUS
62.562, 1927, Mar Average, Australia, AUS
15.5056, 1927, Apr Average, Australia, AUS
12.689, 1927, May Average, Australia, AUS
33.8828, 1927, Jun Average, Australia, AUS
17.8547, 1927, Jul Average, Australia, AUS
11.9235, 1927, Aug Average, Australia, AUS
15.8612, 1927, Sep Average, Australia, AUS
22.2094, 1927, Oct Average, Australia, AUS
34.114, 1927, Nov Average, Australia, AUS
52.3066, 1927, Dec Average, Australia, AUS
48.8699, 1928, Jan Average, Australia, AUS
81.2466, 1928, Feb Average, Australia, AUS
54.2862, 1928, Mar Average, Australia, AUS
25.2625, 1928, Apr Average, Australia, AUS
13.6203, 1928, May Average, Australia, AUS
23.6166, 1928, Jun Average, Australia, AUS
19.8747, 1928, Jul Average, Australia, AUS
8.0238, 1928, Aug Average, Australia, AUS
8.58919, 1928, Sep Average, Australia, AUS
16.2108, 1928, Oct Average, Australia, AUS
20.7786, 1928, Nov Average, Australia, AUS
46.9787, 1928, Dec Average, Australia, AUS
60.8024, 1929, Jan Average, Australia, AUS
62.0322, 1929, Feb Average, Australia, AUS
64.5913, 1929, Mar Average, Australia, AUS
31.9703, 1929, Apr Average, Australia, AUS
21.0715, 1929, May Average, Australia, AUS
23.9885, 1929, Jun Average, Australia, AUS
8.62994, 1929, Jul Average, Australia, AUS
15.0626, 1929, Aug Average, Australia, AUS
10.7042, 1929, Sep Average, Australia, AUS
13.4896, 1929, Oct Average, Australia, AUS
24.8308, 1929, Nov Average, Australia, AUS
42.5198, 1929, Dec Average, Australia, AUS
78.951, 1930, Jan Average, Australia, AUS
83.4464, 1930, Feb Average, Australia, AUS
44.7189, 1930, Mar Average, Australia, AUS
19.4716, 1930, Apr Average, Australia, AUS
29.3072, 1930, May Average, Australia, AUS
28.0547, 1930, Jun Average, Australia, AUS
20.4489, 1930, Jul Average, Australia, AUS
22.8355, 1930, Aug Average, Australia, AUS
9.70111, 1930, Sep Average, Australia, AUS
43.0673, 1930, Oct Average, Australia, AUS
26.2542, 1930, Nov Average, Australia, AUS
69.9022, 1930, Dec Average, Australia, AUS
66.5787, 1931, Jan Average, Australia, AUS
25.4511, 1931, Feb Average, Australia, AUS
68.4952, 1931, Mar Average, Australia, AUS
46.4497, 1931, Apr Average, Australia, AUS
41.65, 1931, May Average, Australia, AUS
35.9226, 1931, Jun Average, Australia, AUS
20.322, 1931, Jul Average, Australia, AUS
14.3036, 1931, Aug Average, Australia, AUS
18.3005, 1931, Sep Average, Australia, AUS
15.1132, 1931, Oct Average, Australia, AUS
38.8556, 1931, Nov Average, Australia, AUS
43.864, 1931, Dec Average, Australia, AUS
46.4711, 1932, Jan Average, Australia, AUS
44.455, 1932, Feb Average, Australia, AUS
56.6706, 1932, Mar Average, Australia, AUS
30.8991, 1932, Apr Average, Australia, AUS
34.583, 1932, May Average, Australia, AUS
21.1304, 1932, Jun Average, Australia, AUS
16.8129, 1932, Jul Average, Australia, AUS
22.6976, 1932, Aug Average, Australia, AUS
16.3145, 1932, Sep Average, Australia, AUS
24.0919, 1932, Oct Average, Australia, AUS
25.544, 1932, Nov Average, Australia, AUS
51.7202, 1932, Dec Average, Australia, AUS
45.4422, 1933, Jan Average, Australia, AUS
57.4024, 1933, Feb Average, Australia, AUS
51.5669, 1933, Mar Average, Australia, AUS
27.7079, 1933, Apr Average, Australia, AUS
25.304, 1933, May Average, Australia, AUS
24.6816, 1933, Jun Average, Australia, AUS
31.427, 1933, Jul Average, Australia, AUS
23.5319, 1933, Aug Average, Australia, AUS
22.9916, 1933, Sep Average, Australia, AUS
21.6777, 1933, Oct Average, Australia, AUS
49.2587, 1933, Nov Average, Australia, AUS
60.9516, 1933, Dec Average, Australia, AUS
66.9257, 1934, Jan Average, Australia, AUS
78.3273, 1934, Feb Average, Australia, AUS
62.9727, 1934, Mar Average, Australia, AUS
43.1424, 1934, Apr Average, Australia, AUS
9.47786, 1934, May Average, Australia, AUS
22.4973, 1934, Jun Average, Australia, AUS
30.8248, 1934, Jul Average, Australia, AUS
17.804, 1934, Aug Average, Australia, AUS
13.6723, 1934, Sep Average, Australia, AUS
34.02, 1934, Oct Average, Australia, AUS
46.8967, 1934, Nov Average, Australia, AUS
22.8975, 1934, Dec Average, Australia, AUS
62.3777, 1935, Jan Average, Australia, AUS
39.7555, 1935, Feb Average, Australia, AUS
67.6449, 1935, Mar Average, Australia, AUS
18.7117, 1935, Apr Average, Australia, AUS
11.989, 1935, May Average, Australia, AUS
19.1515, 1935, Jun Average, Australia, AUS
22.5868, 1935, Jul Average, Australia, AUS
17.7765, 1935, Aug Average, Australia, AUS
22.0638, 1935, Sep Average, Australia, AUS
26.9214, 1935, Oct Average, Australia, AUS
16.2105, 1935, Nov Average, Australia, AUS
25.8145, 1935, Dec Average, Australia, AUS
65.2916, 1936, Jan Average, Australia, AUS
72.0109, 1936, Feb Average, Australia, AUS
60.1787, 1936, Mar Average, Australia, AUS
18.4785, 1936, Apr Average, Australia, AUS
25.7163, 1936, May Average, Australia, AUS
24.8696, 1936, Jun Average, Australia, AUS
26.8798, 1936, Jul Average, Australia, AUS
16.1777, 1936, Aug Average, Australia, AUS
9.84036, 1936, Sep Average, Australia, AUS
15.4721, 1936, Oct Average, Australia, AUS
20.9635, 1936, Nov Average, Australia, AUS
63.1923, 1936, Dec Average, Australia, AUS
108.483, 1937, Jan Average, Australia, AUS
42.7956, 1937, Feb Average, Australia, AUS
60.52, 1937, Mar Average, Australia, AUS
13.9451, 1937, Apr Average, Australia, AUS
15.8116, 1937, May Average, Australia, AUS
22.1303, 1937, Jun Average, Australia, AUS
9.32347, 1937, Jul Average, Australia, AUS
18.1538, 1937, Aug Average, Australia, AUS
10.2646, 1937, Sep Average, Australia, AUS
17.4685, 1937, Oct Average, Australia, AUS
33.6254, 1937, Nov Average, Australia, AUS
37.619, 1937, Dec Average, Australia, AUS
73.8003, 1938, Jan Average, Australia, AUS
88.409, 1938, Feb Average, Australia, AUS
17.5771, 1938, Mar Average, Australia, AUS
12.6071, 1938, Apr Average, Australia, AUS
22.0604, 1938, May Average, Australia, AUS
26.9468, 1938, Jun Average, Australia, AUS
27.577, 1938, Jul Average, Australia, AUS
17.236, 1938, Aug Average, Australia, AUS
6.4865, 1938, Sep Average, Australia, AUS
20.673, 1938, Oct Average, Australia, AUS
37.4738, 1938, Nov Average, Australia, AUS
17.2531, 1938, Dec Average, Australia, AUS
92.3854, 1939, Jan Average, Australia, AUS
91.0456, 1939, Feb Average, Australia, AUS
63.3017, 1939, Mar Average, Australia, AUS
38.157, 1939, Apr Average, Australia, AUS
15.9003, 1939, May Average, Australia, AUS
38.3224, 1939, Jun Average, Australia, AUS
25.3211, 1939, Jul Average, Australia, AUS
27.5946, 1939, Aug Average, Australia, AUS
7.01882, 1939, Sep Average, Australia, AUS
26.9708, 1939, Oct Average, Australia, AUS
39.5891, 1939, Nov Average, Australia, AUS
27.4313, 1939, Dec Average, Australia, AUS
94.2341, 1940, Jan Average, Australia, AUS
88.2479, 1940, Feb Average, Australia, AUS
53.0788, 1940, Mar Average, Australia, AUS
29.1566, 1940, Apr Average, Australia, AUS
11.0145, 1940, May Average, Australia, AUS
8.75595, 1940, Jun Average, Australia, AUS
12.8695, 1940, Jul Average, Australia, AUS
9.63075, 1940, Aug Average, Australia, AUS
11.7031, 1940, Sep Average, Australia, AUS
9.25385, 1940, Oct Average, Australia, AUS
20.2928, 1940, Nov Average, Australia, AUS
41.9336, 1940, Dec Average, Australia, AUS
110.315, 1941, Jan Average, Australia, AUS
42.0796, 1941, Feb Average, Australia, AUS
108.592, 1941, Mar Average, Australia, AUS
32.877, 1941, Apr Average, Australia, AUS
22.2566, 1941, May Average, Australia, AUS
31.114, 1941, Jun Average, Australia, AUS
17.0733, 1941, Jul Average, Australia, AUS
13.329, 1941, Aug Average, Australia, AUS
11.9109, 1941, Sep Average, Australia, AUS
20.4916, 1941, Oct Average, Australia, AUS
34.1447, 1941, Nov Average, Australia, AUS
40.5662, 1941, Dec Average, Australia, AUS
81.2364, 1942, Jan Average, Australia, AUS
87.2668, 1942, Feb Average, Australia, AUS
40.8431, 1942, Mar Average, Australia, AUS
22.245, 1942, Apr Average, Australia, AUS
51.812, 1942, May Average, Australia, AUS
33.221, 1942, Jun Average, Australia, AUS
22.8067, 1942, Jul Average, Australia, AUS
16.2659, 1942, Aug Average, Australia, AUS
14.3511, 1942, Sep Average, Australia, AUS
27.9204, 1942, Oct Average, Australia, AUS
32.1345, 1942, Nov Average, Australia, AUS
80.3271, 1942, Dec Average, Australia, AUS
47.819, 1943, Jan Average, Australia, AUS
86.648, 1943, Feb Average, Australia, AUS
49.7961, 1943, Mar Average, Australia, AUS
38.0288, 1943, Apr Average, Australia, AUS
16.1501, 1943, May Average, Australia, AUS
17.0986, 1943, Jun Average, Australia, AUS
17.087, 1943, Jul Average, Australia, AUS
18.9152, 1943, Aug Average, Australia, AUS
22.9218, 1943, Sep Average, Australia, AUS
23.4551, 1943, Oct Average, Australia, AUS
31.6489, 1943, Nov Average, Australia, AUS
38.575, 1943, Dec Average, Australia, AUS
54.1268, 1944, Jan Average, Australia, AUS
81.04, 1944, Feb Average, Australia, AUS
45.8789, 1944, Mar Average, Australia, AUS
20.9911, 1944, Apr Average, Australia, AUS
20.6927, 1944, May Average, Australia, AUS
10.2166, 1944, Jun Average, Australia, AUS
23.0261, 1944, Jul Average, Australia, AUS
17.524, 1944, Aug Average, Australia, AUS
7.70662, 1944, Sep Average, Australia, AUS
12.0861, 1944, Oct Average, Australia, AUS
18.8548, 1944, Nov Average, Australia, AUS
57.0361, 1944, Dec Average, Australia, AUS
61.1854, 1945, Jan Average, Australia, AUS
64.3718, 1945, Feb Average, Australia, AUS
57.3568, 1945, Mar Average, Australia, AUS
14.6483, 1945, Apr Average, Australia, AUS
20.0384, 1945, May Average, Australia, AUS
40.956, 1945, Jun Average, Australia, AUS
26.6076, 1945, Jul Average, Australia, AUS
22.273, 1945, Aug Average, Australia, AUS
11.7734, 1945, Sep Average, Australia, AUS
22.0854, 1945, Oct Average, Australia, AUS
17.8347, 1945, Nov Average, Australia, AUS
58.341, 1945, Dec Average, Australia, AUS
93.1849, 1946, Jan Average, Australia, AUS
109.257, 1946, Feb Average, Australia, AUS
32.7596, 1946, Mar Average, Australia, AUS
13.6942, 1946, Apr Average, Australia, AUS
11.3618, 1946, May Average, Australia, AUS
17.3645, 1946, Jun Average, Australia, AUS
20.6866, 1946, Jul Average, Australia, AUS
9.00248, 1946, Aug Average, Australia, AUS
12.8533, 1946, Sep Average, Australia, AUS
7.56493, 1946, Oct Average, Australia, AUS
24.9101, 1946, Nov Average, Australia, AUS
44.3614, 1946, Dec Average, Australia, AUS
37.9902, 1947, Jan Average, Australia, AUS
110.796, 1947, Feb Average, Australia, AUS
90.3608, 1947, Mar Average, Australia, AUS
16.457, 1947, Apr Average, Australia, AUS
17.9184, 1947, May Average, Australia, AUS
18.6726, 1947, Jun Average, Australia, AUS
21.0279, 1947, Jul Average, Australia, AUS
31.6474, 1947, Aug Average, Australia, AUS
32.3963, 1947, Sep Average, Australia, AUS
33.3964, 1947, Oct Average, Australia, AUS
35.2908, 1947, Nov Average, Australia, AUS
54.6654, 1947, Dec Average, Australia, AUS
40.6431, 1948, Jan Average, Australia, AUS
85.6256, 1948, Feb Average, Australia, AUS
49.7153, 1948, Mar Average, Australia, AUS
34.8056, 1948, Apr Average, Australia, AUS
17.509, 1948, May Average, Australia, AUS
28.741, 1948, Jun Average, Australia, AUS
21.6428, 1948, Jul Average, Australia, AUS
10.9039, 1948, Aug Average, Australia, AUS
13.2117, 1948, Sep Average, Australia, AUS
13.5611, 1948, Oct Average, Australia, AUS
20.394, 1948, Nov Average, Australia, AUS
52.6789, 1948, Dec Average, Australia, AUS
44.9728, 1949, Jan Average, Australia, AUS
111.421, 1949, Feb Average, Australia, AUS
80.5408, 1949, Mar Average, Australia, AUS
14.1513, 1949, Apr Average, Australia, AUS
32.7797, 1949, May Average, Australia, AUS
16.9992, 1949, Jun Average, Australia, AUS
16.0783, 1949, Jul Average, Australia, AUS
11.7799, 1949, Aug Average, Australia, AUS
22.4146, 1949, Sep Average, Australia, AUS
41.0251, 1949, Oct Average, Australia, AUS
38.8612, 1949, Nov Average, Australia, AUS
52.0603, 1949, Dec Average, Australia, AUS
72.9663, 1950, Jan Average, Australia, AUS
91.015, 1950, Feb Average, Australia, AUS
74.4036, 1950, Mar Average, Australia, AUS
33.327, 1950, Apr Average, Australia, AUS
43.8295, 1950, May Average, Australia, AUS
38.1601, 1950, Jun Average, Australia, AUS
34.4111, 1950, Jul Average, Australia, AUS
12.9765, 1950, Aug Average, Australia, AUS
17.9027, 1950, Sep Average, Australia, AUS
50.2993, 1950, Oct Average, Australia, AUS
66.7208, 1950, Nov Average, Australia, AUS
79.4582, 1950, Dec Average, Australia, AUS
97.9744, 1951, Jan Average, Australia, AUS
66.8541, 1951, Feb Average, Australia, AUS
23.256, 1951, Mar Average, Australia, AUS
19.3652, 1951, Apr Average, Australia, AUS
16.2146, 1951, May Average, Australia, AUS
46.2174, 1951, Jun Average, Australia, AUS
18.2858, 1951, Jul Average, Australia, AUS
16.7474, 1951, Aug Average, Australia, AUS
13.6471, 1951, Sep Average, Australia, AUS
15.8002, 1951, Oct Average, Australia, AUS
14.1387, 1951, Nov Average, Australia, AUS
21.7047, 1951, Dec Average, Australia, AUS
67.0481, 1952, Jan Average, Australia, AUS
38.8349, 1952, Feb Average, Australia, AUS
30.1886, 1952, Mar Average, Australia, AUS
32.0487, 1952, Apr Average, Australia, AUS
42.5228, 1952, May Average, Australia, AUS
22.9556, 1952, Jun Average, Australia, AUS
23.6298, 1952, Jul Average, Australia, AUS
19.6345, 1952, Aug Average, Australia, AUS
12.8988, 1952, Sep Average, Australia, AUS
39.9451, 1952, Oct Average, Australia, AUS
31.3542, 1952, Nov Average, Australia, AUS
28.9989, 1952, Dec Average, Australia, AUS
108.077, 1953, Jan Average, Australia, AUS
86.0453, 1953, Feb Average, Australia, AUS
36.1325, 1953, Mar Average, Australia, AUS
33.2539, 1953, Apr Average, Australia, AUS
26.7996, 1953, May Average, Australia, AUS
17.2053, 1953, Jun Average, Australia, AUS
14.1927, 1953, Jul Average, Australia, AUS
26.2936, 1953, Aug Average, Australia, AUS
12.3437, 1953, Sep Average, Australia, AUS
22.0894, 1953, Oct Average, Australia, AUS
23.6375, 1953, Nov Average, Australia, AUS
46.6733, 1953, Dec Average, Australia, AUS
93.7493, 1954, Jan Average, Australia, AUS
68.8158, 1954, Feb Average, Australia, AUS
27.1088, 1954, Mar Average, Australia, AUS
48.0394, 1954, Apr Average, Australia, AUS
17.2017, 1954, May Average, Australia, AUS
22.7304, 1954, Jun Average, Australia, AUS
21.349, 1954, Jul Average, Australia, AUS
21.46, 1954, Aug Average, Australia, AUS
11.9676, 1954, Sep Average, Australia, AUS
47.6073, 1954, Oct Average, Australia, AUS
32.1329, 1954, Nov Average, Australia, AUS
49.5935, 1954, Dec Average, Australia, AUS
73.6259, 1955, Jan Average, Australia, AUS
108.194, 1955, Feb Average, Australia, AUS
72.6323, 1955, Mar Average, Australia, AUS
43.7396, 1955, Apr Average, Australia, AUS
54.3546, 1955, May Average, Australia, AUS
34.4584, 1955, Jun Average, Australia, AUS
32.8908, 1955, Jul Average, Australia, AUS
27.1187, 1955, Aug Average, Australia, AUS
17.6649, 1955, Sep Average, Australia, AUS
35.9496, 1955, Oct Average, Australia, AUS
35.8483, 1955, Nov Average, Australia, AUS
24.4647, 1955, Dec Average, Australia, AUS
68.2163, 1956, Jan Average, Australia, AUS
127.671, 1956, Feb Average, Australia, AUS
83.657, 1956, Mar Average, Australia, AUS
36.1479, 1956, Apr Average, Australia, AUS
50.0644, 1956, May Average, Australia, AUS
41.0922, 1956, Jun Average, Australia, AUS
45.3742, 1956, Jul Average, Australia, AUS
15.1031, 1956, Aug Average, Australia, AUS
15.6934, 1956, Sep Average, Australia, AUS
29.5259, 1956, Oct Average, Australia, AUS
26.9656, 1956, Nov Average, Australia, AUS
60.1017, 1956, Dec Average, Australia, AUS
67.5594, 1957, Jan Average, Australia, AUS
64.4157, 1957, Feb Average, Australia, AUS
63.6798, 1957, Mar Average, Australia, AUS
18.2109, 1957, Apr Average, Australia, AUS
9.67948, 1957, May Average, Australia, AUS
32.8299, 1957, Jun Average, Australia, AUS
22.0637, 1957, Jul Average, Australia, AUS
14.7439, 1957, Aug Average, Australia, AUS
5.9304, 1957, Sep Average, Australia, AUS
14.552, 1957, Oct Average, Australia, AUS
17.0598, 1957, Nov Average, Australia, AUS
62.4875, 1957, Dec Average, Australia, AUS
62.8263, 1958, Jan Average, Australia, AUS
46.3465, 1958, Feb Average, Australia, AUS
56.2147, 1958, Mar Average, Australia, AUS
30.8131, 1958, Apr Average, Australia, AUS
30.2216, 1958, May Average, Australia, AUS
27.1648, 1958, Jun Average, Australia, AUS
27.1499, 1958, Jul Average, Australia, AUS
27.6597, 1958, Aug Average, Australia, AUS
18.3299, 1958, Sep Average, Australia, AUS
24.9997, 1958, Oct Average, Australia, AUS
31.8304, 1958, Nov Average, Australia, AUS
43.7293, 1958, Dec Average, Australia, AUS
95.2105, 1959, Jan Average, Australia, AUS
42.7305, 1959, Feb Average, Australia, AUS
51.8881, 1959, Mar Average, Australia, AUS
35.7585, 1959, Apr Average, Australia, AUS
28.6359, 1959, May Average, Australia, AUS
18.918, 1959, Jun Average, Australia, AUS
18.8184, 1959, Jul Average, Australia, AUS
11.6358, 1959, Aug Average, Australia, AUS
14.2107, 1959, Sep Average, Australia, AUS
23.5924, 1959, Oct Average, Australia, AUS
24.3764, 1959, Nov Average, Australia, AUS
52.9131, 1959, Dec Average, Australia, AUS
88.5258, 1960, Jan Average, Australia, AUS
93.3321, 1960, Feb Average, Australia, AUS
51.0796, 1960, Mar Average, Australia, AUS
30.4459, 1960, Apr Average, Australia, AUS
41.2188, 1960, May Average, Australia, AUS
12.6974, 1960, Jun Average, Australia, AUS
30.0647, 1960, Jul Average, Australia, AUS
13.834, 1960, Aug Average, Australia, AUS
22.1768, 1960, Sep Average, Australia, AUS
14.3976, 1960, Oct Average, Australia, AUS
31.3374, 1960, Nov Average, Australia, AUS
57.6902, 1960, Dec Average, Australia, AUS
46.4832, 1961, Jan Average, Australia, AUS
66.778, 1961, Feb Average, Australia, AUS
28.7689, 1961, Mar Average, Australia, AUS
44.8344, 1961, Apr Average, Australia, AUS
8.81133, 1961, May Average, Australia, AUS
16.9326, 1961, Jun Average, Australia, AUS
19.7352, 1961, Jul Average, Australia, AUS
15.6203, 1961, Aug Average, Australia, AUS
8.22141, 1961, Sep Average, Australia, AUS
13.1478, 1961, Oct Average, Australia, AUS
44.2548, 1961, Nov Average, Australia, AUS
37.947, 1961, Dec Average, Australia, AUS
115.124, 1962, Jan Average, Australia, AUS
70.1874, 1962, Feb Average, Australia, AUS
44.4955, 1962, Mar Average, Australia, AUS
16.1404, 1962, Apr Average, Australia, AUS
31.2859, 1962, May Average, Australia, AUS
19.3364, 1962, Jun Average, Australia, AUS
22.8, 1962, Jul Average, Australia, AUS
17.5037, 1962, Aug Average, Australia, AUS
16.3735, 1962, Sep Average, Australia, AUS
24.6412, 1962, Oct Average, Australia, AUS
17.5522, 1962, Nov Average, Australia, AUS
56.2784, 1962, Dec Average, Australia, AUS
99.0038, 1963, Jan Average, Australia, AUS
75.7896, 1963, Feb Average, Australia, AUS
63.5725, 1963, Mar Average, Australia, AUS
43.125, 1963, Apr Average, Australia, AUS
44.4162, 1963, May Average, Australia, AUS
27.5045, 1963, Jun Average, Australia, AUS
20.6027, 1963, Jul Average, Australia, AUS
22.9178, 1963, Aug Average, Australia, AUS
11.588, 1963, Sep Average, Australia, AUS
14.4895, 1963, Oct Average, Australia, AUS
18.9667, 1963, Nov Average, Australia, AUS
37.3613, 1963, Dec Average, Australia, AUS
75.4594, 1964, Jan Average, Australia, AUS
42.0731, 1964, Feb Average, Australia, AUS
54.5971, 1964, Mar Average, Australia, AUS
35.9933, 1964, Apr Average, Australia, AUS
26.0457, 1964, May Average, Australia, AUS
25.2032, 1964, Jun Average, Australia, AUS
26.5266, 1964, Jul Average, Australia, AUS
16.0727, 1964, Aug Average, Australia, AUS
35.4006, 1964, Sep Average, Australia, AUS
33.6668, 1964, Oct Average, Australia, AUS
32.8066, 1964, Nov Average, Australia, AUS
39.96, 1964, Dec Average, Australia, AUS
34.6094, 1965, Jan Average, Australia, AUS
21.5321, 1965, Feb Average, Australia, AUS
73.0997, 1965, Mar Average, Australia, AUS
15.4885, 1965, Apr Average, Australia, AUS
18.6609, 1965, May Average, Australia, AUS
26.0012, 1965, Jun Average, Australia, AUS
17.8827, 1965, Jul Average, Australia, AUS
25.1775, 1965, Aug Average, Australia, AUS
11.9767, 1965, Sep Average, Australia, AUS
16.0669, 1965, Oct Average, Australia, AUS
22.3357, 1965, Nov Average, Australia, AUS
66.5908, 1965, Dec Average, Australia, AUS
85.1561, 1966, Jan Average, Australia, AUS
55.7926, 1966, Feb Average, Australia, AUS
27.7338, 1966, Mar Average, Australia, AUS
24.9393, 1966, Apr Average, Australia, AUS
16.1487, 1966, May Average, Australia, AUS
30.3209, 1966, Jun Average, Australia, AUS
15.3187, 1966, Jul Average, Australia, AUS
32.3901, 1966, Aug Average, Australia, AUS
16.946, 1966, Sep Average, Australia, AUS
25.5628, 1966, Oct Average, Australia, AUS
35.1725, 1966, Nov Average, Australia, AUS
44.4039, 1966, Dec Average, Australia, AUS
73.5025, 1967, Jan Average, Australia, AUS
124.565, 1967, Feb Average, Australia, AUS
65.7564, 1967, Mar Average, Australia, AUS
6.69214, 1967, Apr Average, Australia, AUS
22.2816, 1967, May Average, Australia, AUS
32.0042, 1967, Jun Average, Australia, AUS
13.9225, 1967, Jul Average, Australia, AUS
16.8354, 1967, Aug Average, Australia, AUS
6.94083, 1967, Sep Average, Australia, AUS
14.3001, 1967, Oct Average, Australia, AUS
16.4835, 1967, Nov Average, Australia, AUS
37.391, 1967, Dec Average, Australia, AUS
101.419, 1968, Jan Average, Australia, AUS
91.5324, 1968, Feb Average, Australia, AUS
62.7743, 1968, Mar Average, Australia, AUS
42.0946, 1968, Apr Average, Australia, AUS
62.5524, 1968, May Average, Australia, AUS
40.5915, 1968, Jun Average, Australia, AUS
34.185, 1968, Jul Average, Australia, AUS
21.5186, 1968, Aug Average, Australia, AUS
13.263, 1968, Sep Average, Australia, AUS
12.8185, 1968, Oct Average, Australia, AUS
20.4485, 1968, Nov Average, Australia, AUS
37.9612, 1968, Dec Average, Australia, AUS
55.1521, 1969, Jan Average, Australia, AUS
93.4611, 1969, Feb Average, Australia, AUS
66.5459, 1969, Mar Average, Australia, AUS
12.7135, 1969, Apr Average, Australia, AUS
30.3358, 1969, May Average, Australia, AUS
19.5273, 1969, Jun Average, Australia, AUS
20.1669, 1969, Jul Average, Australia, AUS
12.9794, 1969, Aug Average, Australia, AUS
14.2731, 1969, Sep Average, Australia, AUS
32.1154, 1969, Oct Average, Australia, AUS
20.6465, 1969, Nov Average, Australia, AUS
50.5711, 1969, Dec Average, Australia, AUS
39.7585, 1970, Jan Average, Australia, AUS
52.6953, 1970, Feb Average, Australia, AUS
40.7692, 1970, Mar Average, Australia, AUS
36.5724, 1970, Apr Average, Australia, AUS
25.1043, 1970, May Average, Australia, AUS
13.7918, 1970, Jun Average, Australia, AUS
7.76088, 1970, Jul Average, Australia, AUS
16.9407, 1970, Aug Average, Australia, AUS
34.0832, 1970, Sep Average, Australia, AUS
16.0873, 1970, Oct Average, Australia, AUS
40.9397, 1970, Nov Average, Australia, AUS
66.3687, 1970, Dec Average, Australia, AUS
57.591, 1971, Jan Average, Australia, AUS
77.0188, 1971, Feb Average, Australia, AUS
92.9179, 1971, Mar Average, Australia, AUS
39.5469, 1971, Apr Average, Australia, AUS
14.7271, 1971, May Average, Australia, AUS
25.5788, 1971, Jun Average, Australia, AUS
20.0714, 1971, Jul Average, Australia, AUS
25.3725, 1971, Aug Average, Australia, AUS
16.5962, 1971, Sep Average, Australia, AUS
17.8559, 1971, Oct Average, Australia, AUS
45.1477, 1971, Nov Average, Australia, AUS
62.3413, 1971, Dec Average, Australia, AUS
61.2015, 1972, Jan Average, Australia, AUS
68.7658, 1972, Feb Average, Australia, AUS
79.9895, 1972, Mar Average, Australia, AUS
19.1134, 1972, Apr Average, Australia, AUS
13.4008, 1972, May Average, Australia, AUS
13.8014, 1972, Jun Average, Australia, AUS
16.4913, 1972, Jul Average, Australia, AUS
18.694, 1972, Aug Average, Australia, AUS
8.86773, 1972, Sep Average, Australia, AUS
18.4453, 1972, Oct Average, Australia, AUS
30.0452, 1972, Nov Average, Australia, AUS
18.9485, 1972, Dec Average, Australia, AUS
97.2437, 1973, Jan Average, Australia, AUS
96.9469, 1973, Feb Average, Australia, AUS
76.5629, 1973, Mar Average, Australia, AUS
32.8497, 1973, Apr Average, Australia, AUS
25.0199, 1973, May Average, Australia, AUS
40.2953, 1973, Jun Average, Australia, AUS
37.6684, 1973, Jul Average, Australia, AUS
34.5292, 1973, Aug Average, Australia, AUS
29.7123, 1973, Sep Average, Australia, AUS
36.4037, 1973, Oct Average, Australia, AUS
74.6704, 1973, Nov Average, Australia, AUS
86.5495, 1973, Dec Average, Australia, AUS
219.819, 1974, Jan Average, Australia, AUS
109.309, 1974, Feb Average, Australia, AUS
93.1283, 1974, Mar Average, Australia, AUS
69.7956, 1974, Apr Average, Australia, AUS
42.762, 1974, May Average, Australia, AUS
14.3874, 1974, Jun Average, Australia, AUS
29.6741, 1974, Jul Average, Australia, AUS
29.8563, 1974, Aug Average, Australia, AUS
32.2744, 1974, Sep Average, Australia, AUS
42.2709, 1974, Oct Average, Australia, AUS
41.5893, 1974, Nov Average, Australia, AUS
43.2333, 1974, Dec Average, Australia, AUS
62.5126, 1975, Jan Average, Australia, AUS
115.075, 1975, Feb Average, Australia, AUS
66.2571, 1975, Mar Average, Australia, AUS
39.1375, 1975, Apr Average, Australia, AUS
13.9303, 1975, May Average, Australia, AUS
21.4122, 1975, Jun Average, Australia, AUS
23.3446, 1975, Jul Average, Australia, AUS
24.1619, 1975, Aug Average, Australia, AUS
34.6611, 1975, Sep Average, Australia, AUS
69.5527, 1975, Oct Average, Australia, AUS
34.5391, 1975, Nov Average, Australia, AUS
93.8246, 1975, Dec Average, Australia, AUS
119.204, 1976, Jan Average, Australia, AUS
136.037, 1976, Feb Average, Australia, AUS
79.6097, 1976, Mar Average, Australia, AUS
16.78, 1976, Apr Average, Australia, AUS
10.1498, 1976, May Average, Australia, AUS
11.9514, 1976, Jun Average, Australia, AUS
13.6458, 1976, Jul Average, Australia, AUS
12.2902, 1976, Aug Average, Australia, AUS
18.2159, 1976, Sep Average, Australia, AUS
45.7092, 1976, Oct Average, Australia, AUS
34.0286, 1976, Nov Average, Australia, AUS
47.4913, 1976, Dec Average, Australia, AUS
76.8044, 1977, Jan Average, Australia, AUS
105.158, 1977, Feb Average, Australia, AUS
83.8491, 1977, Mar Average, Australia, AUS
24.2982, 1977, Apr Average, Australia, AUS
43.879, 1977, May Average, Australia, AUS
13.9993, 1977, Jun Average, Australia, AUS
7.25471, 1977, Jul Average, Australia, AUS
10.3076, 1977, Aug Average, Australia, AUS
11.9748, 1977, Sep Average, Australia, AUS
13.7856, 1977, Oct Average, Australia, AUS
35.3916, 1977, Nov Average, Australia, AUS
51.6373, 1977, Dec Average, Australia, AUS
105.283, 1978, Jan Average, Australia, AUS
63.8438, 1978, Feb Average, Australia, AUS
36.5217, 1978, Mar Average, Australia, AUS
21.692, 1978, Apr Average, Australia, AUS
43.3629, 1978, May Average, Australia, AUS
38.1485, 1978, Jun Average, Australia, AUS
52.4713, 1978, Jul Average, Australia, AUS
27.7077, 1978, Aug Average, Australia, AUS
34.1208, 1978, Sep Average, Australia, AUS
26.6769, 1978, Oct Average, Australia, AUS
37.8516, 1978, Nov Average, Australia, AUS
48.0418, 1978, Dec Average, Australia, AUS
89.3319, 1979, Jan Average, Australia, AUS
80.5828, 1979, Feb Average, Australia, AUS
65.3281, 1979, Mar Average, Australia, AUS
28.0151, 1979, Apr Average, Australia, AUS
39.3887, 1979, May Average, Australia, AUS
17.918, 1979, Jun Average, Australia, AUS
9.77474, 1979, Jul Average, Australia, AUS
20.577, 1979, Aug Average, Australia, AUS
27.5902, 1979, Sep Average, Australia, AUS
20.4922, 1979, Oct Average, Australia, AUS
28.7418, 1979, Nov Average, Australia, AUS
31.6383, 1979, Dec Average, Australia, AUS
78.224, 1980, Jan Average, Australia, AUS
96.3075, 1980, Feb Average, Australia, AUS
35.6885, 1980, Mar Average, Australia, AUS
42.045, 1980, Apr Average, Australia, AUS
35.3696, 1980, May Average, Australia, AUS
25.941, 1980, Jun Average, Australia, AUS
24.9727, 1980, Jul Average, Australia, AUS
13.0767, 1980, Aug Average, Australia, AUS
6.17996, 1980, Sep Average, Australia, AUS
24.7546, 1980, Oct Average, Australia, AUS
18.1898, 1980, Nov Average, Australia, AUS
42.3168, 1980, Dec Average, Australia, AUS
137.437, 1981, Jan Average, Australia, AUS
104.146, 1981, Feb Average, Australia, AUS
31.4567, 1981, Mar Average, Australia, AUS
17.3062, 1981, Apr Average, Australia, AUS
43.7679, 1981, May Average, Australia, AUS
30.294, 1981, Jun Average, Australia, AUS
31.9316, 1981, Jul Average, Australia, AUS
18.0336, 1981, Aug Average, Australia, AUS
10.2737, 1981, Sep Average, Australia, AUS
18.7549, 1981, Oct Average, Australia, AUS
58.2942, 1981, Nov Average, Australia, AUS
45.0579, 1981, Dec Average, Australia, AUS
82.3578, 1982, Jan Average, Australia, AUS
95.1536, 1982, Feb Average, Australia, AUS
94.6206, 1982, Mar Average, Australia, AUS
16.9155, 1982, Apr Average, Australia, AUS
16.7666, 1982, May Average, Australia, AUS
13.5339, 1982, Jun Average, Australia, AUS
6.99395, 1982, Jul Average, Australia, AUS
7.6621, 1982, Aug Average, Australia, AUS
18.8073, 1982, Sep Average, Australia, AUS
11.4679, 1982, Oct Average, Australia, AUS
17.536, 1982, Nov Average, Australia, AUS
39.4534, 1982, Dec Average, Australia, AUS
43.8731, 1983, Jan Average, Australia, AUS
29.9632, 1983, Feb Average, Australia, AUS
117.18, 1983, Mar Average, Australia, AUS
64.5948, 1983, Apr Average, Australia, AUS
47.365, 1983, May Average, Australia, AUS
23.2684, 1983, Jun Average, Australia, AUS
18.209, 1983, Jul Average, Australia, AUS
21.7017, 1983, Aug Average, Australia, AUS
17.2748, 1983, Sep Average, Australia, AUS
26.7154, 1983, Oct Average, Australia, AUS
50.4955, 1983, Nov Average, Australia, AUS
50.8081, 1983, Dec Average, Australia, AUS
149.064, 1984, Jan Average, Australia, AUS
64.9286, 1984, Feb Average, Australia, AUS
82.8836, 1984, Mar Average, Australia, AUS
25.4186, 1984, Apr Average, Australia, AUS
21.2781, 1984, May Average, Australia, AUS
11.4712, 1984, Jun Average, Australia, AUS
47.6547, 1984, Jul Average, Australia, AUS
20.035, 1984, Aug Average, Australia, AUS
30.3432, 1984, Sep Average, Australia, AUS
24.9528, 1984, Oct Average, Australia, AUS
23.9991, 1984, Nov Average, Australia, AUS
55.5344, 1984, Dec Average, Australia, AUS
37.4445, 1985, Jan Average, Australia, AUS
62.4727, 1985, Feb Average, Australia, AUS
50.145, 1985, Mar Average, Australia, AUS
28.7095, 1985, Apr Average, Australia, AUS
20.2193, 1985, May Average, Australia, AUS
22.8362, 1985, Jun Average, Australia, AUS
22.1254, 1985, Jul Average, Australia, AUS
26.0661, 1985, Aug Average, Australia, AUS
10.8518, 1985, Sep Average, Australia, AUS
32.1961, 1985, Oct Average, Australia, AUS
48.4229, 1985, Nov Average, Australia, AUS
42.996, 1985, Dec Average, Australia, AUS
79.365, 1986, Jan Average, Australia, AUS
44.7892, 1986, Feb Average, Australia, AUS
17.0834, 1986, Mar Average, Australia, AUS
17.4102, 1986, Apr Average, Australia, AUS
26.4954, 1986, May Average, Australia, AUS
31.8824, 1986, Jun Average, Australia, AUS
49.6951, 1986, Jul Average, Australia, AUS
23.659, 1986, Aug Average, Australia, AUS
19.4681, 1986, Sep Average, Australia, AUS
38.7507, 1986, Oct Average, Australia, AUS
25.3895, 1986, Nov Average, Australia, AUS
30.7298, 1986, Dec Average, Australia, AUS
94.5153, 1987, Jan Average, Australia, AUS
97.9267, 1987, Feb Average, Australia, AUS
30.5122, 1987, Mar Average, Australia, AUS
17.9159, 1987, Apr Average, Australia, AUS
23.8201, 1987, May Average, Australia, AUS
31.2536, 1987, Jun Average, Australia, AUS
16.9933, 1987, Jul Average, Australia, AUS
19.3917, 1987, Aug Average, Australia, AUS
9.31465, 1987, Sep Average, Australia, AUS
19.0472, 1987, Oct Average, Australia, AUS
33.1897, 1987, Nov Average, Australia, AUS
78.9311, 1987, Dec Average, Australia, AUS
35.906, 1988, Jan Average, Australia, AUS
48.2223, 1988, Feb Average, Australia, AUS
60.7372, 1988, Mar Average, Australia, AUS
44.0887, 1988, Apr Average, Australia, AUS
44.1685, 1988, May Average, Australia, AUS
20.4178, 1988, Jun Average, Australia, AUS
31.2509, 1988, Jul Average, Australia, AUS
22.6417, 1988, Aug Average, Australia, AUS
17.5799, 1988, Sep Average, Australia, AUS
9.30958, 1988, Oct Average, Australia, AUS
37.7786, 1988, Nov Average, Australia, AUS
96.9997, 1988, Dec Average, Australia, AUS
38.9816, 1989, Jan Average, Australia, AUS
40.6575, 1989, Feb Average, Australia, AUS
100.056, 1989, Mar Average, Australia, AUS
62.1687, 1989, Apr Average, Australia, AUS
47.2962, 1989, May Average, Australia, AUS
36.0088, 1989, Jun Average, Australia, AUS
23.2807, 1989, Jul Average, Australia, AUS
11.8727, 1989, Aug Average, Australia, AUS
6.34238, 1989, Sep Average, Australia, AUS
20.9686, 1989, Oct Average, Australia, AUS
41.8904, 1989, Nov Average, Australia, AUS
40.6212, 1989, Dec Average, Australia, AUS
69.5892, 1990, Jan Average, Australia, AUS
38.0501, 1990, Feb Average, Australia, AUS
57.5037, 1990, Mar Average, Australia, AUS
55.9518, 1990, Apr Average, Australia, AUS
49.2326, 1990, May Average, Australia, AUS
22.145, 1990, Jun Average, Australia, AUS
24.2598, 1990, Jul Average, Australia, AUS
21.2751, 1990, Aug Average, Australia, AUS
11.9515, 1990, Sep Average, Australia, AUS
16.0614, 1990, Oct Average, Australia, AUS
12.486, 1990, Nov Average, Australia, AUS
44.7519, 1990, Dec Average, Australia, AUS
129.356, 1991, Jan Average, Australia, AUS
120.705, 1991, Feb Average, Australia, AUS
14.5395, 1991, Mar Average, Australia, AUS
14.409, 1991, Apr Average, Australia, AUS
16.5958, 1991, May Average, Australia, AUS
35.7657, 1991, Jun Average, Australia, AUS
25.5389, 1991, Jul Average, Australia, AUS
12.3101, 1991, Aug Average, Australia, AUS
11.3334, 1991, Sep Average, Australia, AUS
7.32531, 1991, Oct Average, Australia, AUS
31.06, 1991, Nov Average, Australia, AUS
40.7107, 1991, Dec Average, Australia, AUS
38.5146, 1992, Jan Average, Australia, AUS
83.813, 1992, Feb Average, Australia, AUS
34.2642, 1992, Mar Average, Australia, AUS
38.5486, 1992, Apr Average, Australia, AUS
40.5985, 1992, May Average, Australia, AUS
22.5384, 1992, Jun Average, Australia, AUS
10.8514, 1992, Jul Average, Australia, AUS
31.2504, 1992, Aug Average, Australia, AUS
30.5663, 1992, Sep Average, Australia, AUS
30.0231, 1992, Oct Average, Australia, AUS
31.4545, 1992, Nov Average, Australia, AUS
59.0463, 1992, Dec Average, Australia, AUS
86.6805, 1993, Jan Average, Australia, AUS
105.999, 1993, Feb Average, Australia, AUS
27.2647, 1993, Mar Average, Australia, AUS
8.61564, 1993, Apr Average, Australia, AUS
32.8567, 1993, May Average, Australia, AUS
26.4957, 1993, Jun Average, Australia, AUS
30.6003, 1993, Jul Average, Australia, AUS
21.0758, 1993, Aug Average, Australia, AUS
26.9027, 1993, Sep Average, Australia, AUS
29.7692, 1993, Oct Average, Australia, AUS
33.748, 1993, Nov Average, Australia, AUS
65.5673, 1993, Dec Average, Australia, AUS
40.109, 1994, Jan Average, Australia, AUS
102.583, 1994, Feb Average, Australia, AUS
47.3837, 1994, Mar Average, Australia, AUS
8.6341, 1994, Apr Average, Australia, AUS
10.9872, 1994, May Average, Australia, AUS
17.7449, 1994, Jun Average, Australia, AUS
8.60554, 1994, Jul Average, Australia, AUS
8.93583, 1994, Aug Average, Australia, AUS
6.79643, 1994, Sep Average, Australia, AUS
13.3436, 1994, Oct Average, Australia, AUS
24.7524, 1994, Nov Average, Australia, AUS
46.6411, 1994, Dec Average, Australia, AUS
106.524, 1995, Jan Average, Australia, AUS
95.9058, 1995, Feb Average, Australia, AUS
55.0052, 1995, Mar Average, Australia, AUS
26.9272, 1995, Apr Average, Australia, AUS
32.0923, 1995, May Average, Australia, AUS
27.937, 1995, Jun Average, Australia, AUS
23.1915, 1995, Jul Average, Australia, AUS
9.9982, 1995, Aug Average, Australia, AUS
18.4106, 1995, Sep Average, Australia, AUS
28.2008, 1995, Oct Average, Australia, AUS
42.0992, 1995, Nov Average, Australia, AUS
56.2069, 1995, Dec Average, Australia, AUS
71.6004, 1996, Jan Average, Australia, AUS
40.4828, 1996, Feb Average, Australia, AUS
61.4987, 1996, Mar Average, Australia, AUS
38.5224, 1996, Apr Average, Australia, AUS
21.7733, 1996, May Average, Australia, AUS
28.5723, 1996, Jun Average, Australia, AUS
38.8258, 1996, Jul Average, Australia, AUS
23.983, 1996, Aug Average, Australia, AUS
23.3203, 1996, Sep Average, Australia, AUS
26.7865, 1996, Oct Average, Australia, AUS
21.3544, 1996, Nov Average, Australia, AUS
70.2033, 1996, Dec Average, Australia, AUS
118.041, 1997, Jan Average, Australia, AUS
115.73, 1997, Feb Average, Australia, AUS
40.6896, 1997, Mar Average, Australia, AUS
10.6108, 1997, Apr Average, Australia, AUS
42.8416, 1997, May Average, Australia, AUS
13.6632, 1997, Jun Average, Australia, AUS
12.3973, 1997, Jul Average, Australia, AUS
18.8567, 1997, Aug Average, Australia, AUS
27.8416, 1997, Sep Average, Australia, AUS
22.8253, 1997, Oct Average, Australia, AUS
28.9476, 1997, Nov Average, Australia, AUS
72.2227, 1997, Dec Average, Australia, AUS
75.1675, 1998, Jan Average, Australia, AUS
66.7334, 1998, Feb Average, Australia, AUS
37.8509, 1998, Mar Average, Australia, AUS
51.4769, 1998, Apr Average, Australia, AUS
23.6086, 1998, May Average, Australia, AUS
36.3639, 1998, Jun Average, Australia, AUS
42.0542, 1998, Jul Average, Australia, AUS
29.1673, 1998, Aug Average, Australia, AUS
33.2911, 1998, Sep Average, Australia, AUS
31.4745, 1998, Oct Average, Australia, AUS
53.7929, 1998, Nov Average, Australia, AUS
62.9338, 1998, Dec Average, Australia, AUS
81.7279, 1999, Jan Average, Australia, AUS
98.9297, 1999, Feb Average, Australia, AUS
86.2424, 1999, Mar Average, Australia, AUS
34.4682, 1999, Apr Average, Australia, AUS
24.0211, 1999, May Average, Australia, AUS
20.2046, 1999, Jun Average, Australia, AUS
18.8243, 1999, Jul Average, Australia, AUS
16.1779, 1999, Aug Average, Australia, AUS
13.6379, 1999, Sep Average, Australia, AUS
40.653, 1999, Oct Average, Australia, AUS
57.3115, 1999, Nov Average, Australia, AUS
85.0586, 1999, Dec Average, Australia, AUS
77.0933, 2000, Jan Average, Australia, AUS
151.706, 2000, Feb Average, Australia, AUS
100.164, 2000, Mar Average, Australia, AUS
74.4663, 2000, Apr Average, Australia, AUS
22.9261, 2000, May Average, Australia, AUS
16.3384, 2000, Jun Average, Australia, AUS
14.8696, 2000, Jul Average, Australia, AUS
18.4849, 2000, Aug Average, Australia, AUS
10.847, 2000, Sep Average, Australia, AUS
45.7208, 2000, Oct Average, Australia, AUS
63.5906, 2000, Nov Average, Australia, AUS
78.2158, 2000, Dec Average, Australia, AUS
63.7016, 2001, Jan Average, Australia, AUS
112.258, 2001, Feb Average, Australia, AUS
79.3673, 2001, Mar Average, Australia, AUS
16.0318, 2001, Apr Average, Australia, AUS
15.4872, 2001, May Average, Australia, AUS
24.93, 2001, Jun Average, Australia, AUS
23.1264, 2001, Jul Average, Australia, AUS
13.913, 2001, Aug Average, Australia, AUS
17.3694, 2001, Sep Average, Australia, AUS
37.6774, 2001, Oct Average, Australia, AUS
46.36, 2001, Nov Average, Australia, AUS
51.0908, 2001, Dec Average, Australia, AUS
60.087, 2002, Jan Average, Australia, AUS
105.206, 2002, Feb Average, Australia, AUS
21.7549, 2002, Mar Average, Australia, AUS
13.0428, 2002, Apr Average, Australia, AUS
11.3781, 2002, May Average, Australia, AUS
16.1196, 2002, Jun Average, Australia, AUS
8.2371, 2002, Jul Average, Australia, AUS
12.6798, 2002, Aug Average, Australia, AUS
11.085, 2002, Sep Average, Australia, AUS
6.85245, 2002, Oct Average, Australia, AUS
24.8415, 2002, Nov Average, Australia, AUS
35.4367, 2002, Dec Average, Australia, AUS
67.4694, 2003, Jan Average, Australia, AUS
117.643, 2003, Feb Average, Australia, AUS
38.8759, 2003, Mar Average, Australia, AUS
27.6298, 2003, Apr Average, Australia, AUS
15.9358, 2003, May Average, Australia, AUS
20.8619, 2003, Jun Average, Australia, AUS
15.5813, 2003, Jul Average, Australia, AUS
29.0122, 2003, Aug Average, Australia, AUS
13.6276, 2003, Sep Average, Australia, AUS
20.6634, 2003, Oct Average, Australia, AUS
29.5972, 2003, Nov Average, Australia, AUS
64.9195, 2003, Dec Average, Australia, AUS
92.9686, 2004, Jan Average, Australia, AUS
106.405, 2004, Feb Average, Australia, AUS
58.5586, 2004, Mar Average, Australia, AUS
23.5666, 2004, Apr Average, Australia, AUS
33.5211, 2004, May Average, Australia, AUS
20.1281, 2004, Jun Average, Australia, AUS
17.3305, 2004, Jul Average, Australia, AUS
16.911, 2004, Aug Average, Australia, AUS
14.6568, 2004, Sep Average, Australia, AUS
16.4698, 2004, Oct Average, Australia, AUS
31.7589, 2004, Nov Average, Australia, AUS
54.7673, 2004, Dec Average, Australia, AUS
62.3615, 2005, Jan Average, Australia, AUS
34.5384, 2005, Feb Average, Australia, AUS
32.3065, 2005, Mar Average, Australia, AUS
9.42306, 2005, Apr Average, Australia, AUS
18.6174, 2005, May Average, Australia, AUS
41.2353, 2005, Jun Average, Australia, AUS
21.51, 2005, Jul Average, Australia, AUS
20.8935, 2005, Aug Average, Australia, AUS
21.3719, 2005, Sep Average, Australia, AUS
37.3574, 2005, Oct Average, Australia, AUS
37.723, 2005, Nov Average, Australia, AUS
52.9454, 2005, Dec Average, Australia, AUS
123.351, 2006, Jan Average, Australia, AUS
51.5525, 2006, Feb Average, Australia, AUS
89.0665, 2006, Mar Average, Australia, AUS
58.4034, 2006, Apr Average, Australia, AUS
10.1418, 2006, May Average, Australia, AUS
14.8183, 2006, Jun Average, Australia, AUS
26.006, 2006, Jul Average, Australia, AUS
7.60415, 2006, Aug Average, Australia, AUS
13.2967, 2006, Sep Average, Australia, AUS
7.7072, 2006, Oct Average, Australia, AUS
18.2988, 2006, Nov Average, Australia, AUS
39.6613, 2006, Dec Average, Australia, AUS
107.696, 2007, Jan Average, Australia, AUS
47.4567, 2007, Feb Average, Australia, AUS
81.1344, 2007, Mar Average, Australia, AUS
17.5229, 2007, Apr Average, Australia, AUS
22.4563, 2007, May Average, Australia, AUS
29.8826, 2007, Jun Average, Australia, AUS
13.082, 2007, Jul Average, Australia, AUS
13.6378, 2007, Aug Average, Australia, AUS
8.51353, 2007, Sep Average, Australia, AUS
18.3536, 2007, Oct Average, Australia, AUS
35.7837, 2007, Nov Average, Australia, AUS
71.2629, 2007, Dec Average, Australia, AUS
68.6134, 2008, Jan Average, Australia, AUS
112.027, 2008, Feb Average, Australia, AUS
32.6547, 2008, Mar Average, Australia, AUS
12.8633, 2008, Apr Average, Australia, AUS
8.44754, 2008, May Average, Australia, AUS
22.9591, 2008, Jun Average, Australia, AUS
23.6117, 2008, Jul Average, Australia, AUS
13.0672, 2008, Aug Average, Australia, AUS
20.5054, 2008, Sep Average, Australia, AUS
14.7834, 2008, Oct Average, Australia, AUS
58.7764, 2008, Nov Average, Australia, AUS
71.4832, 2008, Dec Average, Australia, AUS
133.659, 2009, Jan Average, Australia, AUS
92.8045, 2009, Feb Average, Australia, AUS
25.0386, 2009, Mar Average, Australia, AUS
24.3906, 2009, Apr Average, Australia, AUS
17.1227, 2009, May Average, Australia, AUS
24.9955, 2009, Jun Average, Australia, AUS
15.2691, 2009, Jul Average, Australia, AUS
11.2422, 2009, Aug Average, Australia, AUS
15.8808, 2009, Sep Average, Australia, AUS
13.8715, 2009, Oct Average, Australia, AUS
28.7976, 2009, Nov Average, Australia, AUS
63.0123, 2009, Dec Average, Australia, AUS
103.119, 2010, Jan Average, Australia, AUS
102.551, 2010, Feb Average, Australia, AUS
58.0765, 2010, Mar Average, Australia, AUS
39.6915, 2010, Apr Average, Australia, AUS
31.3036, 2010, May Average, Australia, AUS
13.7127, 2010, Jun Average, Australia, AUS
27.0671, 2010, Jul Average, Australia, AUS
28.8687, 2010, Aug Average, Australia, AUS
41.3411, 2010, Sep Average, Australia, AUS
48.8311, 2010, Oct Average, Australia, AUS
59.5348, 2010, Nov Average, Australia, AUS
97.6594, 2010, Dec Average, Australia, AUS
101.075, 2011, Jan Average, Australia, AUS
104.806, 2011, Feb Average, Australia, AUS
124.626, 2011, Mar Average, Australia, AUS
28.7586, 2011, Apr Average, Australia, AUS
17.5143, 2011, May Average, Australia, AUS
19.7689, 2011, Jun Average, Australia, AUS
21.3636, 2011, Jul Average, Australia, AUS
17.4102, 2011, Aug Average, Australia, AUS
13.5557, 2011, Sep Average, Australia, AUS
32.8624, 2011, Oct Average, Australia, AUS
47.8853, 2011, Nov Average, Australia, AUS
70.4251, 2011, Dec Average, Australia, AUS
102.219, 2012, Jan Average, Australia, AUS
74.9068, 2012, Feb Average, Australia, AUS
99.2659, 2012, Mar Average, Australia, AUS
24.0092, 2012, Apr Average, Australia, AUS
18.6466, 2012, May Average, Australia, AUS
27.4982, 2012, Jun Average, Australia, AUS
18.1018, 2012, Jul Average, Australia, AUS
9.18482, 2012, Aug Average, Australia, AUS
11.1093, 2012, Sep Average, Australia, AUS
11.4801, 2012, Oct Average, Australia, AUS
27.6475, 2012, Nov Average, Australia, AUS
43.3004, 2012, Dec Average, Australia, AUS
63.2635, 2013, Jan Average, Australia, AUS
60.3871, 2013, Feb Average, Australia, AUS
68.9047, 2013, Mar Average, Australia, AUS
18.7859, 2013, Apr Average, Australia, AUS
34.1994, 2013, May Average, Australia, AUS
28.6288, 2013, Jun Average, Australia, AUS
21.1262, 2013, Jul Average, Australia, AUS
10.0622, 2013, Aug Average, Australia, AUS
15.9701, 2013, Sep Average, Australia, AUS
11.891, 2013, Oct Average, Australia, AUS
47.1176, 2013, Nov Average, Australia, AUS
43.0585, 2013, Dec Average, Australia, AUS
89.3314, 2014, Jan Average, Australia, AUS
93.7426, 2014, Feb Average, Australia, AUS
34.7172, 2014, Mar Average, Australia, AUS
49.5392, 2014, Apr Average, Australia, AUS
21.1328, 2014, May Average, Australia, AUS
17.1411, 2014, Jun Average, Australia, AUS
14.5893, 2014, Jul Average, Australia, AUS
21.7722, 2014, Aug Average, Australia, AUS
12.1705, 2014, Sep Average, Australia, AUS
9.9425, 2014, Oct Average, Australia, AUS
30.0185, 2014, Nov Average, Australia, AUS
52.5159, 2014, Dec Average, Australia, AUS
121.044, 2015, Jan Average, Australia, AUS
53.0465, 2015, Feb Average, Australia, AUS
41.4801, 2015, Mar Average, Australia, AUS
28.9631, 2015, Apr Average, Australia, AUS
25.1464, 2015, May Average, Australia, AUS
20.1992, 2015, Jun Average, Australia, AUS
16.7202, 2015, Jul Average, Australia, AUS
17.6707, 2015, Aug Average, Australia, AUS
8.83991, 2015, Sep Average, Australia, AUS
10.852, 2015, Oct Average, Australia, AUS
41.3037, 2015, Nov Average, Australia, AUS
57.1856, 2015, Dec Average, Australia, AUS
77.3908, 2016, Jan Average, Australia, AUS
43.8091, 2016, Feb Average, Australia, AUS
69.9735, 2016, Mar Average, Australia, AUS
16.6228, 2016, Apr Average, Australia, AUS
33.7134, 2016, May Average, Australia, AUS
47.2373, 2016, Jun Average, Australia, AUS
35.7379, 2016, Jul Average, Australia, AUS
24.6104, 2016, Aug Average, Australia, AUS
33.5767, 2016, Sep Average, Australia, AUS
23.9805, 2016, Oct Average, Australia, AUS
27.3712, 2016, Nov Average, Australia, AUS
68.8149, 2016, Dec Average, Australia, AUS
